episode,epsilon,episode_reward,rolling_average_reward,mean_recent_loss,replay_buffer_size,average_loan_duration,bankruptcy_count,average_ending_money,invalid_action_count,action_0_count,action_1_count,action_2_count,action_3_count,action_4_count,action_5_count,action_6_count,action_7_count
100,0.2,164000,56817.5,13309.093828125,586,0.0,7,62130.0,3,416,15,1,2,5,68,2,77
200,0.2,125250,87392.5,15584.038408203125,1157,0.0,11,95210.0,1,409,38,15,7,4,4,6,88
300,0.2,77000,71730.0,12551.667822265625,1728,0.0,13,81210.0,4,415,35,8,7,7,8,6,85
400,0.2,-66000,70272.5,18443.302646484375,2303,0.0,11,78370.0,2,414,31,5,6,11,8,7,93
500,0.2,4750,75437.5,17947.722216796876,2874,0.0,11,83300.0,2,409,16,4,4,43,2,3,90
600,0.2,145750,81025.0,17791.311806640624,3462,0.0,7,87300.0,2,430,8,6,6,37,7,2,92
700,0.2,-68000,74085.0,18075.329111328127,4041,0.0,9,81930.0,2,421,10,4,3,38,6,6,91
800,0.2,-64000,90357.5,20814.49482421875,4630,0.0,5,94640.0,1,425,28,7,9,19,3,5,93
900,0.2,36000,73435.0,21275.4439453125,5194,0.0,15,84400.0,2,409,6,5,9,30,1,11,93
1000,0.2,4000,62662.5,21361.655341796875,5773,0.0,14,73400.0,3,430,2,5,9,18,2,22,91
1100,0.2,150750,86265.0,21812.882958984374,6348,0.0,10,93520.0,4,414,3,5,1,42,4,9,97
1200,0.2,118000,82712.5,21785.63013671875,6935,0.0,6,88730.0,4,421,1,7,4,11,3,42,98
1300,0.2,52500,76630.0,21081.79220703125,7506,0.0,12,85260.0,2,410,6,3,4,8,1,44,95
1400,0.2,175000,85815.0,21504.39736328125,8088,0.0,5,91610.0,1,425,2,4,5,7,5,38,96
1500,0.2,152250,64325.0,20045.073818359375,8648,0.0,13,73730.0,0,403,6,6,7,10,4,33,91
1600,0.2,37750,73575.0,19785.303740234376,9223,0.0,8,81760.0,4,422,7,2,4,6,5,35,94
1700,0.2,53500,76660.0,19440.097939453124,9802,0.0,9,83920.0,1,419,10,6,4,3,6,41,90
1800,0.2,92500,78530.0,20373.07564453125,10364,0.0,12,88390.0,1,404,6,7,4,3,11,37,90
1900,0.2,75000,74825.0,20239.53564453125,10940,0.0,8,82350.0,3,418,3,2,6,4,5,44,94
2000,0.2,122000,87067.5,20044.113115234373,11521,0.0,8,94410.0,2,421,5,5,7,3,2,42,96
2100,0.2,174000,83722.5,19962.34587890625,12107,0.0,5,89520.0,1,428,8,1,5,7,5,36,96
2200,0.2,143000,82240.0,20131.886015625,12690,0.0,8,88940.0,1,424,27,8,8,4,3,18,91
2300,0.2,41000,77915.0,19904.154306640627,13278,0.0,8,84920.0,4,432,25,5,9,6,2,17,92
2400,0.2,109000,74892.5,20017.565078125,13852,0.0,11,83840.0,3,422,30,5,2,5,4,14,92
2500,0.2,111500,69817.5,20255.422880859376,14432,0.0,10,77690.0,1,426,33,3,4,9,7,11,87
2600,0.2,18000,92542.5,20064.27984375,15015,0.0,6,97010.0,0,416,46,6,5,2,2,10,96
2700,0.2,130000,73630.0,20170.94591796875,15581,0.0,13,83130.0,2,413,32,5,7,9,4,8,88
2800,0.2,65000,83860.0,20015.730439453124,16173,0.0,6,89590.0,2,436,32,7,8,6,4,11,88
2900,0.2,51750,77667.5,20253.3983203125,16749,0.0,12,86910.0,2,427,33,4,5,5,4,6,92
3000,0.2,134500,85530.0,19900.44103515625,17338,0.0,8,92040.0,1,436,31,7,2,13,2,6,92
3100,0.2,66500,76212.5,20090.5891796875,17914,0.0,9,84500.0,2,427,36,1,3,6,7,6,90
3200,0.2,3750,85845.0,19803.870166015626,18495,0.0,6,91700.0,2,422,43,6,3,10,2,7,88
3300,0.2,118750,68042.5,19971.159326171874,19074,0.0,8,74900.0,1,420,28,5,9,18,9,11,79
3400,0.2,-51500,75812.5,20022.52404296875,19654,0.0,10,84370.0,0,431,37,3,2,12,4,5,86
3500,0.2,128000,93222.5,19610.180224609376,20229,0.0,8,99300.0,4,410,37,8,5,15,4,5,91
3600,0.2,156500,86212.5,19308.527705078126,20812,0.0,6,91510.0,3,420,40,4,3,18,3,4,91
3700,0.2,-62000,83540.0,19563.018896484376,21390,0.0,10,90210.0,2,416,33,7,3,17,7,4,91
3800,0.2,94000,70775.0,19408.1171875,21956,0.0,12,80830.0,0,419,36,7,4,4,3,5,88
3900,0.2,60250,82295.0,19502.53791015625,22539,0.0,10,89960.0,1,423,45,5,5,6,7,6,86
4000,0.2,8000,79307.5,19261.2715625,23107,0.0,10,86440.0,1,407,47,1,5,8,5,12,83
4100,0.2,41500,83865.0,19226.606826171876,23678,0.0,11,92010.0,2,409,44,3,7,2,8,7,91
4200,0.2,80500,97310.0,19110.70564453125,24266,0.0,8,102480.0,2,419,57,5,7,5,1,3,91
4300,0.2,-67000,89690.0,19223.09001953125,24839,0.0,11,97590.0,2,417,39,5,1,9,7,5,90
4400,0.2,-47500,96390.0,19211.7628515625,25437,0.0,4,99800.0,2,432,49,6,4,0,4,8,95
4500,0.2,173000,88962.5,18981.629658203125,26020,0.0,8,95430.0,2,423,52,4,6,1,6,5,86
4600,0.2,44000,87875.0,18815.790126953125,26605,0.0,6,93280.0,3,423,48,6,3,9,1,6,89
4700,0.2,159250,89427.5,18943.64482421875,27193,0.0,6,94390.0,1,428,44,8,2,10,3,8,85
4800,0.2,-55250,81425.0,18815.103408203126,27784,0.0,6,86650.0,3,429,54,3,5,11,4,5,80
4900,0.2,29500,75767.5,19227.289814453125,28352,0.0,9,83250.0,0,414,43,3,7,4,5,8,84
5000,0.2,-55500,91540.0,18791.29189453125,28940,0.0,6,96760.0,2,427,48,3,6,2,7,2,93
5100,0.2,183750,90440.0,18933.98072265625,29519,0.0,11,97610.0,0,422,52,8,2,9,3,2,81
5200,0.2,59500,85577.5,18959.622353515624,30106,0.0,5,89900.0,1,426,47,6,6,4,4,2,92
5300,0.2,112500,89200.0,18762.364912109377,30694,0.0,5,94050.0,1,428,42,6,4,8,6,5,89
5400,0.2,116000,79210.0,18798.43916015625,31278,0.0,7,85760.0,5,424,45,5,8,8,5,7,82
5500,0.2,163500,72810.0,18541.813681640626,31840,0.0,14,82400.0,0,404,43,11,5,5,7,3,84
5600,0.2,141000,88522.5,19340.52177734375,32412,0.0,9,95520.0,2,416,39,7,2,5,3,5,95
5700,0.2,154000,85807.5,18893.7048828125,32985,0.0,11,92720.0,1,409,37,5,5,12,8,2,95
5800,0.2,100500,82055.0,19132.81115234375,33557,0.0,12,90850.0,1,419,43,4,2,6,5,3,90
5900,0.2,145500,82007.5,19027.909716796876,34147,0.0,5,87160.0,2,434,45,1,2,4,8,5,91
6000,0.2,119500,81460.0,19202.8478515625,34733,0.0,5,87030.0,4,425,43,6,5,8,6,4,89
6100,0.2,-5000,89815.0,19277.580234375,35327,0.0,2,93540.0,2,435,41,5,5,4,6,8,90
6200,0.2,60250,78605.0,19231.188740234375,35908,0.0,10,85880.0,0,425,43,8,3,3,7,4,88
6300,0.2,-51000,76035.0,19585.079677734375,36478,0.0,12,84990.0,0,415,44,3,5,5,7,4,87
6400,0.2,148500,81607.5,19223.6870703125,37068,0.0,4,86220.0,4,430,43,3,11,6,7,3,87
6500,0.2,164000,77032.5,19780.14626953125,37654,0.0,8,83020.0,0,429,43,11,2,7,6,5,83
6600,0.2,21000,73307.5,19647.57689453125,38233,0.0,7,79830.0,2,425,41,6,4,6,3,5,89
6700,0.2,500,77795.0,19595.640810546876,38813,0.0,7,85150.0,2,430,37,6,4,4,2,5,92
6800,0.2,131000,74160.0,19549.978095703125,39401,0.0,7,79870.0,1,426,52,1,10,7,6,4,82
6900,0.2,163500,87022.5,19447.660322265627,39973,0.0,10,94410.0,2,414,44,4,2,10,6,4,88
7000,0.2,170000,80405.0,19362.64271484375,40560,0.0,5,85350.0,1,429,45,3,2,6,7,7,88
7100,0.2,-57000,86845.0,19025.994482421876,41135,0.0,10,94020.0,5,410,45,6,6,5,2,4,97
7200,0.2,10750,88935.0,19689.90560546875,41717,0.0,8,95280.0,1,424,48,6,4,5,7,1,87
7300,0.2,36250,86960.0,19602.29517578125,42290,0.0,9,94110.0,3,411,50,5,2,4,2,4,95
7400,0.2,121000,75580.0,19493.09728515625,42867,0.0,9,82400.0,5,412,49,6,5,7,6,4,88
7500,0.2,39250,84590.0,18998.734384765627,43440,0.0,8,90930.0,2,410,51,4,5,4,4,4,91
7600,0.2,147500,97365.0,19412.835693359375,44037,0.0,3,100190.0,2,427,56,3,6,7,7,4,87
7700,0.2,96500,85637.5,19821.74646484375,44628,0.0,7,91670.0,1,432,50,5,7,1,2,5,89
7800,0.2,108000,86377.5,19408.5884765625,45214,0.0,4,91020.0,0,427,50,4,2,6,4,0,93
7900,0.2,-250,77560.0,18996.3640234375,45791,0.0,9,84420.0,4,416,44,10,8,5,8,5,81
8000,0.2,155750,75910.0,19820.827236328125,46366,0.0,11,83850.0,6,411,47,3,11,7,5,3,88
8100,0.2,145750,89997.5,19671.76806640625,46947,0.0,6,95490.0,2,423,41,6,6,5,4,9,87
8200,0.2,72750,74602.5,19334.169150390626,47519,0.0,15,84600.0,4,414,43,2,5,5,6,6,91
8300,0.2,-68500,65510.0,19304.771767578124,48084,0.0,16,76280.0,1,405,48,1,8,6,5,5,87
8400,0.2,4500,86965.0,19719.536796875,48678,0.0,4,91120.0,3,428,49,7,4,12,5,8,81
8500,0.2,176000,66387.5,19395.70828125,49244,0.0,11,74730.0,1,410,43,4,10,7,5,5,82
8600,0.2,160000,92777.5,19593.2239453125,49837,0.0,5,97710.0,2,434,41,5,4,9,7,2,91
8700,0.2,89000,86810.0,19666.480224609375,50424,0.0,6,92130.0,4,427,50,4,2,6,4,0,94
8800,0.2,12000,80055.0,19692.6487109375,51006,0.0,9,87230.0,1,425,46,4,4,8,1,3,91
8900,0.2,100000,81442.5,19503.1919140625,51582,0.0,9,88730.0,0,424,47,3,4,8,4,1,85
9000,0.2,14000,80087.5,19748.751630859377,52157,0.0,9,86910.0,3,412,52,6,3,3,3,6,90
9100,0.2,58750,86685.0,20243.413828125,52734,0.0,10,93110.0,0,416,51,2,3,6,3,6,90
9200,0.2,-4000,67642.5,20496.67958984375,53304,0.0,10,76380.0,2,419,42,1,4,3,4,1,96
9300,0.2,8000,86697.5,19910.687060546876,53889,0.0,6,91960.0,2,425,52,4,1,10,5,3,85
9400,0.2,163500,71320.0,19600.496884765624,54471,0.0,11,79560.0,1,430,41,4,6,7,5,5,84
9500,0.2,-67250,76220.0,19557.998779296875,55051,0.0,11,83770.0,0,424,48,4,7,5,4,5,83
9600,0.2,41000,94572.5,19691.930185546877,55628,0.0,7,100770.0,1,416,50,5,1,7,2,4,92
9700,0.2,35000,85402.5,19790.8804296875,56204,0.0,8,92370.0,1,421,43,4,6,4,5,1,92
9800,0.2,181500,75855.0,19677.92291015625,56759,0.0,16,86250.0,2,398,50,3,2,7,5,5,85
9900,0.2,-62000,89937.5,19868.349677734375,57345,0.0,8,96570.0,2,428,48,4,1,6,3,4,92
10000,0.2,116000,88217.5,19724.78056640625,57932,0.0,8,94430.0,2,426,48,6,8,7,3,1,88
10100,0.2,164750,82157.5,20269.15369140625,58512,0.0,9,89400.0,1,421,41,6,6,10,5,3,88
10200,0.2,157000,81797.5,20121.91349609375,59103,0.0,5,87220.0,2,434,42,3,1,9,6,6,90
10300,0.2,147000,71645.0,20152.87416015625,59661,0.0,19,83710.0,4,402,39,4,5,6,4,6,92
10400,0.2,173250,81910.0,20300.794833984375,60238,0.0,9,88340.0,1,416,34,5,9,25,4,5,79
10500,0.2,129750,88715.0,19975.30705078125,60815,0.0,7,93960.0,0,413,44,5,0,17,5,8,85
10600,0.2,134000,86512.5,19912.799951171874,61401,0.0,5,91150.0,1,425,37,3,4,21,6,7,83
10700,0.2,103750,71407.5,20037.112626953123,61982,0.0,9,78990.0,6,421,42,5,7,12,3,3,88
10800,0.2,118500,75185.0,20032.45525390625,62561,0.0,12,83200.0,1,423,37,7,4,13,2,10,83
10900,0.2,121000,74310.0,19540.0991015625,63142,0.0,9,81670.0,1,427,44,5,2,10,4,4,85
11000,0.2,145750,82045.0,20062.8103515625,63712,0.0,11,90010.0,0,418,43,6,2,6,3,4,88
11100,0.2,105500,83927.5,19898.392490234375,64289,0.0,9,90930.0,0,418,36,4,7,22,6,3,81
11200,0.2,17000,85837.5,19837.74755859375,64873,0.0,7,92370.0,2,422,25,3,9,28,3,4,90
11300,0.2,102000,72355.0,19304.218505859375,65449,0.0,10,80080.0,0,421,30,5,5,23,4,4,84
11400,0.2,33000,76992.5,19772.868076171875,66025,0.0,14,85980.0,3,409,24,7,3,35,9,6,83
11500,0.2,157000,97607.5,19762.7815234375,66605,0.0,8,104260.0,2,425,27,3,0,24,4,3,94
11600,0.2,158000,88955.0,19512.06916015625,67190,0.0,6,94760.0,2,428,43,4,4,9,6,4,87
11700,0.2,143000,72517.5,19813.142255859377,67763,0.0,11,81410.0,2,420,39,7,8,5,5,4,85
11800,0.2,59500,63487.5,19469.856416015624,68335,0.0,17,73520.0,1,414,42,5,6,11,6,7,81
11900,0.2,24250,82140.0,19638.376982421876,68899,0.0,13,91400.0,1,411,41,3,4,7,2,3,93
12000,0.2,152500,76032.5,19606.709873046875,69448,0.0,15,86210.0,2,391,47,5,2,7,3,4,90
12100,0.2,34000,85067.5,19459.537763671877,70037,0.0,5,89980.0,1,430,42,5,4,10,3,6,89
12200,0.2,85750,83885.0,19749.723828125,70620,0.0,5,88810.0,3,420,17,6,3,40,6,5,86
12300,0.2,56000,70257.5,19417.717431640624,71197,0.0,10,78840.0,3,423,32,6,3,23,4,2,84
12400,0.2,6000,88170.0,19498.717177734376,71767,0.0,11,96170.0,0,414,27,5,3,28,3,4,86
12500,0.2,177000,79100.0,19266.269521484373,72338,0.0,9,86600.0,0,416,32,5,5,19,6,6,82
12600,0.2,151750,78405.0,19253.740986328125,72923,0.0,8,85020.0,2,427,46,1,5,16,7,5,78
12700,0.2,149750,91945.0,19092.82263671875,73511,0.0,7,97440.0,1,429,45,6,3,9,3,5,88
12800,0.2,145000,72862.5,19119.678310546875,74099,0.0,6,79030.0,1,432,32,4,7,23,5,5,80
12900,0.2,69750,73625.0,18995.487333984376,74675,0.0,8,80200.0,1,414,37,8,5,20,6,8,78
13000,0.2,12000,75335.0,18873.0359765625,75263,0.0,5,80540.0,2,432,33,4,3,33,4,3,76
13100,0.2,149000,63532.5,18813.250439453124,75839,0.0,9,70400.0,1,418,34,3,3,48,11,9,50
13200,0.2,17250,63195.0,18963.94166015625,76418,0.0,10,70340.0,5,418,30,6,4,44,4,8,65
13300,0.2,-67500,66570.0,19306.502734375,76997,0.0,8,72960.0,1,418,28,4,6,51,9,10,53
13400,0.2,3500,47165.0,18708.635048828124,77580,0.0,11,54230.0,1,415,21,5,6,73,4,25,34
13500,0.2,-75000,49447.5,18903.790849609373,78144,0.0,11,58490.0,1,411,28,3,4,52,6,7,53
13600,0.2,49000,54792.5,19564.584423828124,78728,0.0,8,61320.0,1,426,27,3,5,51,4,16,52
13700,0.2,74750,79817.5,19119.55474609375,79317,0.0,6,84960.0,1,429,35,6,3,33,5,7,71
13800,0.2,148000,70690.0,19505.33490234375,79899,0.0,9,76910.0,3,415,29,2,6,38,14,7,71
13900,0.2,51750,59270.0,19729.277138671874,80474,0.0,9,66730.0,1,419,18,3,4,52,15,11,53
14000,0.2,58750,61042.5,19223.58548828125,81060,0.0,6,66130.0,2,417,17,8,2,68,15,20,39
14100,0.2,11750,40700.0,19429.43326171875,81641,0.0,12,49380.0,1,425,16,12,6,67,12,16,27
14200,0.2,94000,59080.0,18849.980673828126,82234,0.0,5,62960.0,3,423,22,1,3,77,11,18,38
14300,0.2,31500,44812.5,19027.806259765624,82830,0.0,3,48240.0,0,434,12,5,1,88,16,25,15
14400,0.2,-56000,40212.5,19294.76322265625,83425,0.0,4,44460.0,0,430,19,7,4,78,22,15,20
14500,0.2,173000,52720.0,18975.816689453124,84021,0.0,5,57290.0,2,435,11,3,2,74,19,19,33
14600,0.2,48000,31552.5,18543.6385546875,84605,0.0,10,38250.0,2,423,8,5,0,95,21,15,17
14700,0.2,33750,27922.5,18607.931611328124,85200,0.0,9,34650.0,1,433,6,5,8,91,20,27,5
14800,0.2,11000,21625.0,18301.9862109375,85784,0.0,15,31470.0,3,425,9,5,8,84,18,26,9
14900,0.2,69500,35380.0,18664.99798828125,86376,0.0,5,39290.0,1,428,7,9,4,95,24,20,5
15000,0.2,36500,34645.0,18296.450732421876,86972,0.0,4,38560.0,2,432,9,7,2,94,30,6,16
15100,0.2,42000,33082.5,18726.550830078126,87572,0.0,4,37720.0,0,441,8,3,3,92,23,16,14
15200,0.2,32250,36507.5,18380.71591796875,88171,0.0,2,39710.0,4,429,8,7,6,95,23,9,22
15300,0.2,2750,31210.0,18354.960068359374,88763,0.0,9,37390.0,1,431,8,4,3,91,19,12,24
15400,0.2,64750,25385.0,18438.9452734375,89339,0.0,15,34430.0,1,415,9,9,9,84,28,13,9
15500,0.2,18500,33520.0,18217.889462890624,89923,0.0,12,41030.0,0,429,8,8,3,86,21,6,23
15600,0.2,12750,27222.5,18472.48849609375,90517,0.0,7,33600.0,2,442,6,6,4,88,21,5,22
15700,0.2,9750,33295.0,18396.592158203126,91114,0.0,7,38360.0,5,428,7,5,7,94,25,11,20
15800,0.2,-2000,28702.5,18085.458369140626,91695,0.0,9,35720.0,0,420,6,6,7,87,23,6,26
15900,0.2,56750,40720.0,18246.55390625,92286,0.0,4,44910.0,4,423,12,6,4,91,19,14,22
16000,0.2,80500,34545.0,18021.744287109374,92879,0.0,8,40490.0,1,437,6,5,3,90,19,9,24
16100,0.2,49750,29907.5,17844.2991015625,93470,0.0,10,36420.0,4,425,8,4,7,88,15,9,35
16200,0.2,4000,33090.0,18118.07568359375,94051,0.0,7,39040.0,1,414,11,4,5,93,21,6,27
16300,0.2,21500,34675.0,18477.34791015625,94641,0.0,4,39000.0,2,422,13,1,5,99,19,18,13
16400,0.2,49000,30242.5,18150.9902734375,95223,0.0,8,36680.0,1,423,13,3,7,86,28,12,10
16500,0.2,47500,33795.0,18196.932978515626,95813,0.0,4,37710.0,2,425,20,11,4,89,32,3,6
16600,0.2,19500,29507.5,18298.439765625,96394,0.0,10,36240.0,2,414,21,6,9,86,24,15,6
16700,0.2,14750,28750.0,17841.935224609377,96981,0.0,6,34530.0,4,425,19,3,6,96,22,8,8
16800,0.2,129000,29675.0,17641.326416015625,97565,0.0,10,36640.0,1,425,20,7,6,88,22,10,6
16900,0.2,65000,32360.0,17833.301435546877,98150,0.0,10,38890.0,1,422,17,3,4,94,26,4,15
17000,0.2,43000,33360.0,17706.886279296876,98739,0.0,6,37840.0,3,421,22,6,2,96,23,2,17
17100,0.2,72000,30430.0,17676.50283203125,99332,0.0,6,35620.0,1,432,29,10,2,88,17,5,10
17200,0.2,60500,36950.0,17464.062236328125,99919,0.0,8,42610.0,0,420,23,5,3,87,25,9,15
17300,0.2,36750,37865.0,17977.0465234375,100000,0.0,5,42490.0,3,426,18,5,4,93,15,3,25
17400,0.2,25500,38270.0,17986.158427734375,100000,0.0,5,42300.0,3,421,35,6,3,92,19,4,9
17500,0.2,59250,38107.5,17875.34220703125,100000,0.0,4,42320.0,0,428,28,2,7,92,24,5,7
17600,0.2,64000,33025.0,17783.49326171875,100000,0.0,8,38690.0,1,434,34,4,2,91,21,3,5
17700,0.2,46750,32547.5,18028.153095703125,100000,0.0,6,37820.0,5,433,27,7,5,88,23,3,9
17800,0.2,85750,32750.0,17769.45826171875,100000,0.0,11,39200.0,1,422,36,3,3,86,26,4,8
17900,0.2,11500,29040.0,17626.355419921874,100000,0.0,10,36160.0,2,429,22,3,4,89,23,4,10
18000,0.2,46250,28785.0,17773.830361328124,100000,0.0,7,35020.0,2,430,22,8,5,84,20,5,12
18100,0.2,-61000,30267.5,17502.659853515626,100000,0.0,5,35390.0,4,431,36,7,6,89,8,4,12
18200,0.2,-70000,33482.5,17591.58306640625,100000,0.0,5,37910.0,2,423,29,7,5,87,13,11,15
18300,0.2,9750,41007.5,17194.572060546874,100000,0.0,6,46250.0,3,429,15,3,4,94,10,2,34
18400,0.2,82250,34462.5,16934.5315625,100000,0.0,7,40080.0,1,429,35,4,7,84,10,5,14
18500,0.2,31500,35485.0,17040.5859765625,100000,0.0,5,40260.0,1,432,27,4,6,87,5,5,25
18600,0.2,5500,40327.5,17256.318154296874,100000,0.0,5,44460.0,4,424,36,1,2,95,9,3,21
18700,0.2,28500,33935.0,17222.270859375,100000,0.0,5,37960.0,0,441,30,6,8,86,9,8,10
18800,0.2,7000,32132.5,17145.3418359375,100000,0.0,10,39310.0,3,418,32,4,3,92,6,5,22
18900,0.2,4250,33245.0,16849.76751953125,100000,0.0,8,39720.0,3,421,26,5,6,90,6,4,24
19000,0.2,-56000,40837.5,17204.843837890625,100000,0.0,8,45760.0,2,417,38,7,3,86,9,3,27
19100,0.2,62750,31597.5,17467.50806640625,100000,0.0,9,38030.0,3,430,37,6,8,85,2,5,13
19200,0.2,21750,32967.5,17488.66966796875,100000,0.0,14,40910.0,1,419,42,1,6,89,6,3,16
19300,0.2,48500,36520.0,17330.622265625,100000,0.0,10,42680.0,2,418,27,6,3,91,4,5,34
19400,0.2,74500,36352.5,17264.83080078125,100000,0.0,8,42450.0,1,432,28,5,5,86,8,2,21
19500,0.2,30750,35392.5,17035.209521484376,100000,0.0,9,40830.0,0,420,33,2,4,92,8,2,26
19600,0.2,500,39855.0,17358.899736328123,100000,0.0,4,43380.0,5,428,45,5,6,90,5,5,11
19700,0.2,5000,35472.5,16916.619091796874,100000,0.0,9,41240.0,0,420,38,3,4,80,13,3,21
19800,0.2,79250,35682.5,16997.618984375,100000,0.0,9,41530.0,3,424,34,6,4,99,2,1,20
19900,0.2,56000,36565.0,17046.122373046874,100000,0.0,6,42020.0,4,423,22,6,11,86,2,8,29
20000,0.2,77000,34347.5,17186.3544140625,100000,0.0,6,39530.0,2,427,36,8,3,88,7,6,15
20100,0.2,65000,37077.5,17252.938203125,100000,0.0,4,40820.0,5,419,45,8,7,90,4,5,12
20200,0.2,65250,34630.0,16944.573330078125,100000,0.0,8,39550.0,0,426,41,7,5,85,10,4,15
20300,0.2,21000,32722.5,17117.466591796874,100000,0.0,8,39130.0,0,425,32,5,7,87,6,3,16
20400,0.2,36750,34510.0,17768.5705078125,100000,0.0,6,39450.0,0,436,43,7,6,84,3,3,13
20500,0.2,64000,34527.5,17252.07376953125,100000,0.0,5,38420.0,3,423,42,8,4,95,4,3,11
20600,0.2,26750,29515.0,17127.29505859375,100000,0.0,11,37520.0,2,426,36,3,1,91,5,5,17
20700,0.2,35500,37747.5,17226.5047265625,100000,0.0,3,42590.0,2,436,27,2,4,94,5,1,22
20800,0.2,61000,36065.0,17193.057939453123,100000,0.0,9,42210.0,0,425,37,6,3,83,6,6,20
20900,0.2,58000,41832.5,17487.973212890625,100000,0.0,3,45770.0,6,425,22,8,5,91,5,6,30
21000,0.2,10750,41037.5,17477.473271484374,100000,0.0,8,46420.0,2,420,38,6,5,82,6,2,27
21100,0.2,16500,42397.5,17080.65875,100000,0.0,4,45390.0,3,420,45,4,6,89,5,8,16
21200,0.2,32250,32705.0,17315.5163671875,100000,0.0,6,37620.0,1,430,44,3,3,89,9,4,9
21300,0.2,-56250,27342.5,17076.411328125,100000,0.0,10,34970.0,2,425,30,7,7,89,3,6,10
21400,0.2,96000,35882.5,17155.9640234375,100000,0.0,5,39310.0,2,417,46,9,3,92,4,5,16
21500,0.2,71500,34700.0,17110.195361328126,100000,0.0,5,39030.0,1,430,41,4,7,85,5,4,16
21600,0.2,1000,34785.0,16889.671650390625,100000,0.0,7,40360.0,0,419,40,7,3,85,5,4,23
21700,0.2,39750,36957.5,16805.303369140624,100000,0.0,3,41070.0,2,440,35,7,4,85,4,5,19
21800,0.2,15750,38017.5,16579.98115234375,100000,0.0,6,43430.0,3,428,41,5,2,83,7,4,20
21900,0.2,-4250,41170.0,16342.7687109375,100000,0.0,5,44430.0,1,427,42,6,7,87,5,5,16
22000,0.2,16750,35635.0,16651.78998046875,100000,0.0,12,43280.0,2,408,35,2,2,92,3,8,22
22100,0.2,-60000,33865.0,16727.424638671873,100000,0.0,8,39980.0,2,423,42,1,6,87,9,5,12
22200,0.2,6750,33537.5,16864.549765625,100000,0.0,9,39980.0,0,422,34,2,4,89,8,5,20
22300,0.2,55500,33102.5,16992.727470703125,100000,0.0,9,39630.0,1,437,26,7,5,84,5,7,22
22400,0.2,84500,40817.5,16889.3248046875,100000,0.0,4,44610.0,1,432,41,3,3,86,4,2,26
22500,0.2,24750,39200.0,16762.74009765625,100000,0.0,6,43900.0,1,433,39,6,2,88,6,5,16
22600,0.2,51750,34870.0,17028.998671875,100000,0.0,8,40510.0,2,419,38,4,5,92,5,2,18
22700,0.2,82500,39037.5,16752.124072265626,100000,0.0,6,44110.0,2,430,37,2,6,91,5,3,17
22800,0.2,59500,40287.5,17157.330341796875,100000,0.0,3,43110.0,1,432,44,9,3,88,5,3,16
22900,0.2,80000,32780.0,17273.346865234376,100000,0.0,8,38330.0,3,422,41,8,9,83,2,6,20
23000,0.2,60250,36810.0,16904.98126953125,100000,0.0,6,41540.0,2,430,39,4,1,90,9,6,14
23100,0.2,67000,35692.5,16199.360712890624,100000,0.0,6,40780.0,2,422,44,6,4,93,4,1,15
23200,0.2,23000,34990.0,16455.875634765624,100000,0.0,10,41460.0,1,436,33,7,2,86,2,7,17
23300,0.2,3750,32452.5,16009.455927734374,100000,0.0,7,38140.0,3,434,27,4,7,85,7,6,23
23400,0.2,64250,41912.5,16486.5487109375,100000,0.0,5,45560.0,1,428,36,2,3,92,10,6,18
23500,0.2,25750,37022.5,16144.001337890624,100000,0.0,10,43460.0,0,430,39,3,5,82,9,5,14
23600,0.2,48000,33980.0,16131.5180078125,100000,0.0,7,39100.0,0,433,29,9,5,82,4,2,28
23700,0.2,69500,29180.0,16088.681875,100000,0.0,15,37460.0,1,424,34,7,8,85,4,4,16
23800,0.2,51750,37967.5,15829.8737890625,100000,0.0,6,43220.0,1,436,32,6,4,86,8,2,16
23900,0.2,19500,37850.0,15848.586103515625,100000,0.0,7,43040.0,2,422,46,4,2,88,4,5,17
24000,0.2,40000,44492.5,15962.703759765625,100000,0.0,1,45890.0,3,427,35,5,3,96,6,5,23
24100,0.2,54750,36597.5,15544.229599609374,100000,0.0,10,42820.0,2,422,39,4,3,88,8,3,20
24200,0.2,35250,35880.0,15563.92146484375,100000,0.0,8,41860.0,2,423,35,7,8,90,4,1,19
24300,0.2,83000,37712.5,15597.388798828126,100000,0.0,7,42750.0,1,427,40,3,3,88,1,7,22
24400,0.2,11500,45722.5,15871.81099609375,100000,0.0,6,49570.0,1,423,33,5,5,92,2,2,30
24500,0.2,67250,36402.5,15557.10771484375,100000,0.0,9,43340.0,2,422,17,5,2,85,4,6,41
24600,0.2,8750,38022.5,15803.646435546874,100000,0.0,7,43370.0,1,422,36,3,7,86,5,2,28
24700,0.2,5750,38757.5,15557.41763671875,100000,0.0,5,43590.0,3,430,35,3,4,83,4,4,31
24800,0.2,45000,50957.5,16307.120087890626,100000,0.0,4,55290.0,2,427,30,10,3,65,1,3,53
24900,0.2,64750,65057.5,15983.61779296875,100000,0.0,4,69450.0,3,426,37,6,2,56,1,11,51
25000,0.2,144000,39990.0,15588.716376953125,100000,0.0,13,49400.0,5,412,31,5,5,58,6,4,49
25100,0.2,14250,44715.0,15960.2261328125,100000,0.0,2,47840.0,0,434,34,4,2,83,4,7,28
25200,0.2,18750,32277.5,15908.012841796875,100000,0.0,9,39060.0,1,432,27,1,9,91,3,4,19
25300,0.2,-53500,38055.0,15791.271953125,100000,0.0,6,42230.0,4,417,38,3,2,94,3,5,27
25400,0.2,7500,32930.0,16054.18330078125,100000,0.0,6,37750.0,2,435,27,4,4,89,10,2,25
25500,0.2,-76750,38880.0,15648.61265625,100000,0.0,6,43150.0,1,422,36,9,9,87,2,2,24
25600,0.2,0,41640.0,15768.428740234374,100000,0.0,2,44940.0,4,429,37,2,3,87,7,7,23
25700,0.2,32750,33167.5,15578.023173828125,100000,0.0,5,38410.0,3,435,26,2,1,92,7,4,29
25800,0.2,5500,34002.5,15542.2243359375,100000,0.0,8,39690.0,4,430,25,7,6,86,11,5,22
25900,0.2,-54000,38050.0,15503.2362890625,100000,0.0,8,43780.0,2,431,27,4,4,92,4,6,25
26000,0.2,83000,37712.5,15151.843564453126,100000,0.0,4,41360.0,1,434,29,5,6,91,10,2,20
26100,0.2,104500,37987.5,15353.96873046875,100000,0.0,9,43200.0,5,415,46,6,2,94,5,3,15
26200,0.2,49500,38277.5,15420.122783203125,100000,0.0,6,42900.0,0,435,31,5,0,89,4,7,21
26300,0.2,22500,43022.5,15421.6086328125,100000,0.0,5,46800.0,3,411,34,6,6,83,7,10,30
26400,0.2,43000,34655.0,15287.023623046874,100000,0.0,3,38780.0,1,437,29,10,0,84,6,5,22
26500,0.2,39000,32770.0,15033.17466796875,100000,0.0,6,37320.0,1,427,35,3,6,92,4,2,21
26600,0.2,18500,37157.5,15071.22630859375,100000,0.0,9,43730.0,6,422,23,2,4,95,5,9,25
26700,0.2,35500,36885.0,14817.26166015625,100000,0.0,10,42520.0,0,416,34,3,7,84,4,5,29
26800,0.2,42750,32270.0,15276.31861328125,100000,0.0,8,38290.0,0,431,27,8,5,90,3,6,15
26900,0.2,57500,34977.5,14996.083125,100000,0.0,10,42310.0,0,429,23,5,3,92,3,2,27
27000,0.2,70750,25745.0,14928.79685546875,100000,0.0,13,34430.0,1,426,25,3,8,86,5,4,26
27100,0.2,37000,28637.5,15396.482802734376,100000,0.0,11,36130.0,1,440,21,5,4,91,6,2,24
27200,0.2,43000,34555.0,15462.54859375,100000,0.0,8,40850.0,2,427,33,4,3,90,3,6,20
27300,0.2,77500,38830.0,15492.625732421875,100000,0.0,10,45520.0,0,432,25,4,8,85,1,5,31
27400,0.2,-51000,36787.5,15182.40083984375,100000,0.0,7,42540.0,2,424,32,3,4,84,7,5,25
27500,0.2,30500,39195.0,14899.582919921875,100000,0.0,4,43200.0,2,436,23,7,4,90,5,3,27
27600,0.2,23500,44657.5,15029.5348828125,100000,0.0,2,46900.0,2,418,28,6,5,100,6,4,27
27700,0.2,-3000,31945.0,14904.807783203125,100000,0.0,5,36600.0,5,432,20,7,6,94,11,3,21
27800,0.2,53750,36610.0,14315.888251953125,100000,0.0,9,42120.0,2,425,35,6,6,88,2,11,16
27900,0.2,18250,38347.5,14758.770908203125,100000,0.0,6,42590.0,3,420,34,2,4,94,9,2,25
28000,0.2,55250,37790.0,14255.021474609375,100000,0.0,5,42570.0,2,417,33,6,6,83,8,5,28
28100,0.2,39000,31100.0,14254.481826171876,100000,0.0,10,38510.0,1,419,24,4,8,89,8,1,25
28200,0.2,39500,39090.0,14395.001845703126,100000,0.0,7,43660.0,4,423,39,6,2,88,3,7,20
28300,0.2,29500,36257.5,14369.083193359374,100000,0.0,6,41130.0,4,419,35,3,4,94,4,9,18
28400,0.2,50500,32955.0,14174.073046875,100000,0.0,6,38600.0,3,437,29,3,2,94,2,4,17
28500,0.2,18000,36922.5,14330.993974609375,100000,0.0,6,41550.0,0,435,35,2,6,91,2,3,22
28600,0.2,31750,32937.5,14270.54919921875,100000,0.0,5,37430.0,0,435,23,6,5,93,5,1,28
28700,0.2,65750,31345.0,14081.057265625,100000,0.0,7,37950.0,0,428,28,3,6,88,6,4,19
28800,0.2,78500,43115.0,13842.94888671875,100000,0.0,4,46630.0,8,422,25,6,5,98,8,5,28
28900,0.2,160000,42395.0,13964.089189453125,100000,0.0,6,46240.0,2,429,34,3,1,95,2,3,25
29000,0.2,25000,33780.0,13869.767177734375,100000,0.0,7,39550.0,1,433,22,5,4,89,3,8,25
29100,0.2,2000,40535.0,14040.554814453126,100000,0.0,5,44000.0,0,426,39,3,3,90,4,6,22
29200,0.2,70000,36292.5,14086.168037109375,100000,0.0,5,41460.0,4,435,28,4,1,95,4,2,24
29300,0.2,16750,29002.5,13749.753642578125,100000,0.0,10,36150.0,0,431,28,5,5,94,5,3,18
29400,0.2,13500,35885.0,13975.987919921876,100000,0.0,6,41490.0,3,427,26,7,5,91,4,6,17
29500,0.2,-3500,38307.5,14046.863017578125,100000,0.0,4,42250.0,0,433,28,8,3,92,4,3,23
29600,0.2,68000,29560.0,13505.411748046876,100000,0.0,10,37180.0,2,434,20,12,10,78,6,4,22
29700,0.2,19000,31677.5,13735.988388671874,100000,0.0,7,36840.0,1,435,23,6,4,89,7,7,23
29800,0.2,23250,36940.0,14009.134267578125,100000,0.0,5,42210.0,2,432,17,7,7,91,6,3,25
29900,0.2,-1000,40142.5,13811.6458984375,100000,0.0,3,43060.0,1,428,27,17,3,95,4,4,19
30000,0.2,36000,33915.0,13406.653759765624,100000,0.0,9,40200.0,0,421,34,4,5,87,6,4,22
30100,0.2,67500,28922.5,13545.12548828125,100000,0.0,9,36190.0,4,435,27,12,3,89,5,4,14
30200,0.2,21750,34907.5,13667.120126953125,100000,0.0,6,40280.0,3,438,27,9,4,88,6,7,14
30300,0.2,37250,31425.0,13392.8615234375,100000,0.0,6,37270.0,3,438,22,9,4,95,2,4,21
30400,0.2,26750,37017.5,13605.979638671875,100000,0.0,6,42200.0,2,424,18,14,7,93,4,4,25
30500,0.2,63750,39317.5,13588.49158203125,100000,0.0,1,42130.0,2,436,22,17,2,92,7,6,18
30600,0.2,71000,35600.0,13686.841787109375,100000,0.0,8,41520.0,1,431,16,20,3,91,4,5,19
30700,0.2,44000,30465.0,13760.72248046875,100000,0.0,9,37110.0,0,432,19,18,2,92,7,4,14
30800,0.2,71750,31480.0,13424.241279296875,100000,0.0,10,38660.0,0,415,19,14,2,91,14,6,13
30900,0.2,45500,31635.0,13376.650712890625,100000,0.0,5,36620.0,3,435,16,15,1,92,14,6,17
31000,0.2,-62500,35382.5,12892.99177734375,100000,0.0,7,40480.0,1,422,15,17,4,88,10,5,28
31100,0.2,41750,36107.5,13213.781572265625,100000,0.0,5,40200.0,0,422,21,15,6,89,13,3,21
31200,0.2,22000,31535.0,13438.62541015625,100000,0.0,9,37480.0,1,429,15,16,5,88,15,8,17
31300,0.2,43750,31845.0,13422.909873046876,100000,0.0,10,38780.0,4,422,19,4,7,93,13,3,21
31400,0.2,59250,36752.5,13511.5327734375,100000,0.0,6,40880.0,0,434,14,8,5,91,20,3,21
31500,0.2,46250,29890.0,12786.932861328125,100000,0.0,8,36300.0,1,428,19,6,6,90,8,5,26
31600,0.2,61500,31607.5,12538.1808984375,100000,0.0,4,35600.0,4,431,13,5,7,91,22,7,22
31700,0.2,16250,30525.0,12613.255908203126,100000,0.0,12,37790.0,3,423,11,4,9,87,28,5,18
31800,0.2,58000,30022.5,12809.88533203125,100000,0.0,9,35940.0,1,430,9,12,4,95,18,2,20
31900,0.2,40750,37230.0,12890.89630859375,100000,0.0,6,41810.0,0,428,9,14,5,87,16,11,23
32000,0.2,16000,30297.5,13117.666640625,100000,0.0,8,36490.0,1,420,22,12,5,90,13,7,15
32100,0.2,32500,30855.0,13225.436962890624,100000,0.0,10,37250.0,1,422,11,6,3,89,23,12,18
32200,0.2,32750,30222.5,12921.043515625,100000,0.0,8,36620.0,3,434,11,3,2,94,18,7,24
32300,0.2,49750,28832.5,13135.835615234375,100000,0.0,7,34560.0,3,432,22,4,3,89,26,3,13
32400,0.2,47500,32972.5,13305.24955078125,100000,0.0,7,38490.0,2,423,14,6,2,89,19,5,28
32500,0.2,8500,34742.5,13440.5752734375,100000,0.0,7,40310.0,5,412,22,9,8,90,20,2,15
32600,0.2,126500,39047.5,13947.525087890624,100000,0.0,1,41770.0,0,432,14,9,1,88,23,7,23
32700,0.2,41750,31220.0,13453.577890625,100000,0.0,5,36400.0,1,433,11,3,5,88,17,5,29
32800,0.2,21250,33240.0,13269.937197265624,100000,0.0,7,38570.0,0,433,7,5,3,91,26,6,17
32900,0.2,31000,30102.5,14354.2584765625,100000,0.0,11,37360.0,2,428,12,9,9,79,21,6,23
33000,0.2,8750,25815.0,14217.262900390626,100000,0.0,12,34030.0,0,431,12,2,3,90,18,3,25
33100,0.2,17500,29002.5,14421.86271484375,100000,0.0,11,36670.0,2,429,16,6,5,86,15,10,16
33200,0.2,19250,34485.0,14143.792998046874,100000,0.0,9,40320.0,3,420,19,7,5,89,24,7,19
33300,0.2,14500,31582.5,13788.436728515626,100000,0.0,10,39300.0,0,419,16,4,2,87,23,4,18
33400,0.2,50500,29005.0,13678.26453125,100000,0.0,11,35950.0,0,423,11,10,10,83,24,2,20
33500,0.2,-47000,33477.5,13641.939794921875,100000,0.0,6,38530.0,3,434,13,4,5,88,18,6,29
33600,0.2,7750,31400.0,14752.616142578125,100000,0.0,6,36330.0,2,427,13,3,1,95,27,5,17
33700,0.2,19750,35467.5,14679.9002734375,100000,0.0,4,39340.0,2,431,12,7,5,88,24,7,18
33800,0.2,57750,30007.5,14585.295048828126,100000,0.0,7,36360.0,0,428,7,3,2,90,26,1,24
33900,0.2,5500,34077.5,14803.2196484375,100000,0.0,3,38500.0,2,441,8,4,7,87,17,4,28
34000,0.2,56250,29062.5,14472.504716796875,100000,0.0,10,36310.0,4,426,11,4,7,91,16,5,29
34100,0.2,21750,35672.5,14331.3430078125,100000,0.0,6,40630.0,1,432,10,4,2,94,27,2,18
34200,0.2,-56000,36387.5,14437.73583984375,100000,0.0,5,40840.0,2,423,7,4,8,95,19,2,29
34300,0.2,66000,34670.0,15372.663876953126,100000,0.0,7,39540.0,2,424,3,5,5,87,34,2,29
34400,0.2,74500,32097.5,15306.718544921874,100000,0.0,3,37030.0,2,444,5,1,5,93,21,2,24
34500,0.2,9500,31462.5,14954.03798828125,100000,0.0,6,36890.0,1,437,10,9,6,87,17,3,26
34600,0.2,32750,31967.5,15364.7637890625,100000,0.0,7,37700.0,1,436,4,6,2,89,23,5,28
34700,0.2,26750,36757.5,15249.22255859375,100000,0.0,6,40800.0,3,419,15,5,4,92,26,7,24
34800,0.2,49000,31282.5,14985.82380859375,100000,0.0,8,36960.0,3,421,9,7,7,89,28,4,24
34900,0.2,29500,27952.5,15320.771484375,100000,0.0,10,34670.0,1,419,10,6,5,90,24,5,25
35000,0.2,64750,27015.0,15596.03494140625,100000,0.0,11,33960.0,4,420,10,4,7,96,25,4,23
35100,0.2,23750,35932.5,15591.14298828125,100000,0.0,5,40340.0,1,425,9,10,5,91,22,3,25
35200,0.2,-3250,31097.5,15218.918662109376,100000,0.0,10,37410.0,2,424,12,1,5,91,29,5,22
35300,0.2,51750,27055.0,15468.29685546875,100000,0.0,12,34750.0,0,433,8,4,6,92,17,2,32
35400,0.2,17750,35512.5,15741.607294921874,100000,0.0,11,42790.0,1,416,11,6,4,87,26,2,29
35500,0.2,53000,31757.5,15482.001181640626,100000,0.0,7,36720.0,2,420,7,6,7,86,35,7,16
35600,0.2,-45750,28487.5,15613.22001953125,100000,0.0,7,33960.0,0,426,9,3,3,97,18,4,28
35700,0.2,34750,31815.0,15211.386455078125,100000,0.0,9,38570.0,2,421,13,3,5,91,20,7,23
35800,0.2,6500,30485.0,15491.651064453124,100000,0.0,7,35930.0,1,434,11,4,5,89,26,3,19
35900,0.2,55500,24637.5,15357.79837890625,100000,0.0,14,33090.0,1,432,10,3,3,86,27,5,26
36000,0.2,29000,32752.5,16273.1464453125,100000,0.0,7,38310.0,0,432,16,4,4,88,22,7,18
36100,0.2,17250,32850.0,16134.061484375,100000,0.0,8,38970.0,3,421,12,6,4,93,21,4,25
36200,0.2,-47000,27762.5,16374.69439453125,100000,0.0,11,35180.0,0,431,9,6,2,90,19,5,24
36300,0.2,8000,30962.5,16260.633134765625,100000,0.0,11,38030.0,1,427,11,1,4,89,21,3,28
36400,0.2,68000,28622.5,16552.657958984375,100000,0.0,12,36470.0,1,436,11,4,6,87,18,6,24
36500,0.2,-6250,37170.0,16273.782509765624,100000,0.0,4,41380.0,3,428,7,5,3,87,22,8,33
36600,0.2,-66000,28360.0,16681.804814453124,100000,0.0,8,35730.0,1,436,11,4,3,89,16,6,25
36700,0.2,9750,30752.5,16165.485703125,100000,0.0,9,38250.0,4,432,14,5,2,88,10,4,29
36800,0.2,80250,29885.0,16382.99765625,100000,0.0,9,35480.0,0,421,14,5,7,88,17,6,28
36900,0.2,75000,34995.0,16637.329208984374,100000,0.0,5,39480.0,2,433,8,3,3,93,15,7,37
37000,0.2,23750,33765.0,16749.667890625,100000,0.0,7,39050.0,1,432,7,1,8,90,20,4,33
37100,0.2,45500,35207.5,16743.690537109374,100000,0.0,9,41750.0,0,430,10,4,7,87,17,8,28
37200,0.2,18750,35115.0,16903.7951171875,100000,0.0,9,41320.0,2,422,13,1,5,92,24,5,23
37300,0.2,16500,36182.5,17276.8215234375,100000,0.0,3,40350.0,3,435,9,5,2,89,19,4,36
37400,0.2,24250,37555.0,17013.06107421875,100000,0.0,6,42310.0,0,429,13,1,1,91,22,6,32
37500,0.2,-49500,33505.0,17074.89515625,100000,0.0,8,39480.0,4,426,12,7,4,90,18,2,31
37600,0.2,-2750,33180.0,17634.638134765624,100000,0.0,12,41400.0,0,411,8,6,5,87,10,5,42
37700,0.2,55750,29275.0,17162.46595703125,100000,0.0,7,35340.0,2,421,13,6,8,87,14,4,28
37800,0.2,85000,34075.0,17551.973056640625,100000,0.0,9,40610.0,0,422,14,3,6,86,14,8,29
37900,0.2,34500,27817.5,17740.197587890623,100000,0.0,11,35460.0,2,428,7,6,4,87,11,2,41
38000,0.2,33500,39317.5,17622.864384765624,100000,0.0,5,43580.0,2,425,12,5,0,93,12,4,42
38100,0.2,76500,37335.0,18264.9704296875,100000,0.0,9,43010.0,0,414,13,6,5,87,17,6,31
38200,0.2,92000,35397.5,18199.502255859374,100000,0.0,5,39750.0,2,421,10,4,10,85,16,5,39
38300,0.2,89500,39955.0,18073.577490234376,100000,0.0,6,44450.0,5,416,13,4,5,93,14,9,37
38400,0.2,28000,39597.5,17635.19314453125,100000,0.0,4,43360.0,2,425,30,5,1,94,7,7,26
38500,0.2,23250,30862.5,17548.00005859375,100000,0.0,11,39160.0,2,430,12,6,2,94,4,6,33
38600,0.2,39250,38307.5,17987.50853515625,100000,0.0,9,44000.0,3,419,20,2,5,90,10,7,38
38700,0.2,81500,24082.5,18253.831474609375,100000,0.0,17,35000.0,3,414,17,4,7,94,4,6,21
38800,0.2,26000,28847.5,18082.076982421873,100000,0.0,7,35180.0,1,431,13,6,8,85,5,8,33
38900,0.2,68000,25250.0,18068.830966796875,100000,0.0,13,33990.0,0,431,9,4,8,85,10,5,33
39000,0.2,64000,36287.5,18075.3848828125,100000,0.0,7,42110.0,1,427,18,5,2,88,3,6,40
39100,0.2,59750,38927.5,17994.87888671875,100000,0.0,9,44970.0,3,419,12,3,5,87,7,7,46
39200,0.2,59250,39152.5,17685.104267578125,100000,0.0,4,42790.0,5,428,26,6,5,88,5,2,31
39300,0.2,28250,37545.0,18082.9440234375,100000,0.0,8,43090.0,4,414,26,8,8,88,4,3,34
39400,0.2,87750,34472.5,17783.3118359375,100000,0.0,9,40610.0,1,426,26,3,6,87,4,4,34
39500,0.2,69000,40707.5,18140.64521484375,100000,0.0,4,44980.0,2,431,16,2,2,90,5,7,41
39600,0.2,38000,33315.0,17940.331328125,100000,0.0,5,37670.0,1,431,14,7,3,87,7,5,40
39700,0.2,91500,24610.0,18526.287412109374,100000,0.0,14,34340.0,2,425,16,1,7,88,5,7,32
39800,0.2,66000,34545.0,18549.80912109375,100000,0.0,6,39670.0,2,438,23,1,7,89,5,4,31
39900,0.2,55000,40295.0,17992.528388671875,100000,0.0,5,44190.0,1,428,25,5,6,89,2,7,33
40000,0.2,84000,39772.5,18570.972998046876,100000,0.0,7,45220.0,2,418,24,3,5,88,2,4,45
40100,0.2,4750,36632.5,18705.65279296875,100000,0.0,5,41450.0,1,430,16,3,2,91,7,4,40
40200,0.2,37000,31740.0,18930.975419921873,100000,0.0,7,37830.0,1,434,25,3,2,93,3,4,28
40300,0.2,12750,27575.0,18326.208115234374,100000,0.0,10,35340.0,1,427,13,4,3,92,4,6,33
40400,0.2,54000,37460.0,19077.837880859373,100000,0.0,7,42610.0,0,424,16,4,7,86,5,7,38
40500,0.2,67500,44082.5,19076.432568359374,100000,0.0,7,48960.0,1,428,14,2,1,88,3,7,49
40600,0.2,32000,39497.5,19087.364775390626,100000,0.0,4,43150.0,2,426,15,4,5,93,4,3,44
40700,0.2,52750,33027.5,18842.775703125,100000,0.0,10,40280.0,0,424,18,3,5,87,4,8,34
40800,0.2,2750,28030.0,18662.67232421875,100000,0.0,9,35270.0,2,428,11,4,7,89,5,4,38
40900,0.2,9000,28937.5,18517.0361328125,100000,0.0,9,35950.0,2,430,19,4,9,81,7,5,34
41000,0.2,14500,42220.0,18883.791533203126,100000,0.0,2,44860.0,2,434,31,7,3,91,1,2,30
41100,0.2,75000,32710.0,18960.3993359375,100000,0.0,13,41470.0,1,412,11,5,4,87,7,8,36
41200,0.2,86500,37070.0,19080.70623046875,100000,0.0,8,42310.0,0,424,20,2,7,92,2,5,35
41300,0.2,16750,30312.5,18940.1015625,100000,0.0,9,37290.0,0,437,15,4,4,87,4,6,29
41400,0.2,29000,33220.0,19117.926953125,100000,0.0,3,37450.0,1,437,8,4,3,97,2,6,39
41500,0.2,56500,27500.0,18668.979677734376,100000,0.0,13,36110.0,2,421,14,8,8,84,5,7,36
41600,0.2,45750,33447.5,19064.955966796875,100000,0.0,8,40240.0,3,433,15,9,6,81,3,3,43
41700,0.2,97750,33202.5,18806.7079296875,100000,0.0,8,38850.0,0,432,18,6,6,89,3,3,37
41800,0.2,70500,41405.0,18727.1750390625,100000,0.0,2,44150.0,1,429,21,2,2,96,4,3,42
41900,0.2,20000,38952.5,18728.942119140625,100000,0.0,9,44260.0,2,417,13,4,8,87,4,2,57
42000,0.2,13500,33700.0,18379.6450390625,100000,0.0,7,39310.0,1,426,17,4,5,86,7,6,34
42100,0.2,60750,35147.5,19342.330771484376,100000,0.0,8,41260.0,0,425,18,4,3,88,2,6,40
42200,0.2,7000,32987.5,18824.63015625,100000,0.0,8,39060.0,0,434,20,8,1,91,3,5,29
42300,0.2,38250,32857.5,19423.829013671875,100000,0.0,9,39190.0,2,430,18,7,4,85,5,7,32
42400,0.2,47500,36155.0,18199.81150390625,100000,0.0,6,41420.0,1,428,20,7,6,84,6,2,37
42500,0.2,60000,33440.0,18757.215244140625,100000,0.0,10,40200.0,3,431,20,6,1,90,3,2,37
42600,0.2,80000,36860.0,18320.259853515625,100000,0.0,3,40840.0,5,426,19,6,5,82,6,8,38
42700,0.2,13000,31575.0,18585.314462890627,100000,0.0,10,38790.0,3,436,13,6,5,80,6,8,38
42800,0.2,45750,40542.5,18644.426171875,100000,0.0,7,45370.0,2,432,19,2,1,93,5,4,38
42900,0.2,42000,30287.5,17780.86728515625,100000,0.0,10,38020.0,1,434,16,6,6,88,2,5,32
43000,0.2,37000,30140.0,17939.839775390625,100000,0.0,8,36530.0,3,422,20,7,1,88,7,2,37
43100,0.2,53000,33740.0,17552.66111328125,100000,0.0,7,38820.0,1,420,14,5,4,89,2,9,47
43200,0.2,47500,38057.5,17780.6917578125,100000,0.0,4,41540.0,1,427,22,5,4,86,7,4,39
43300,0.2,-64250,41427.5,17978.433095703123,100000,0.0,5,45560.0,3,433,18,0,10,84,5,3,41
43400,0.2,51000,40747.5,17825.090048828126,100000,0.0,6,45270.0,2,422,29,5,6,86,3,3,32
43500,0.2,29500,30897.5,17402.255234375,100000,0.0,9,37960.0,1,419,12,6,6,84,4,6,41
43600,0.2,44000,33917.5,17597.66685546875,100000,0.0,6,39280.0,3,431,12,2,6,93,7,5,39
43700,0.2,49750,40925.0,17581.5601953125,100000,0.0,6,46020.0,2,426,11,7,2,88,1,8,50
43800,0.2,1250,31200.0,17099.69845703125,100000,0.0,9,38090.0,4,424,18,7,3,84,8,6,34
43900,0.2,-61500,42765.0,17077.435,100000,0.0,5,46150.0,0,429,15,5,5,85,6,4,47
44000,0.2,66000,33542.5,17002.57796875,100000,0.0,8,39590.0,0,432,16,3,4,81,5,5,45
44100,0.2,4500,35547.5,15812.134501953125,100000,0.0,8,40940.0,3,420,25,4,3,86,7,7,35
44200,0.2,15750,34837.5,15692.5161328125,100000,0.0,7,40390.0,3,429,17,6,5,88,3,6,39
44300,0.2,9000,34402.5,16091.155576171876,100000,0.0,9,40600.0,2,420,14,6,3,84,7,3,47
44400,0.2,124500,42237.5,15614.85525390625,100000,0.0,6,47090.0,0,433,13,4,5,80,6,6,44
44500,0.2,141500,75492.5,14857.118330078125,100000,0.0,11,83280.0,2,411,30,10,1,27,7,3,82
44600,0.2,-60000,67755.0,14781.197138671874,100000,0.0,9,74380.0,3,422,36,9,4,28,9,4,71
44700,0.2,33000,75600.0,14763.80234375,100000,0.0,9,82200.0,0,422,27,6,6,29,8,5,78
44800,0.2,76750,63617.5,13918.341669921874,100000,0.0,14,73260.0,0,418,29,10,4,9,23,5,72
44900,0.2,34500,38522.5,13869.266669921875,100000,0.0,17,48510.0,0,424,40,6,5,11,41,12,40
45000,0.2,-41250,43807.5,13847.67935546875,100000,0.0,12,51610.0,2,425,33,12,2,6,53,8,46
45100,0.2,31750,38790.0,13651.354443359374,100000,0.0,19,49620.0,0,410,26,7,9,6,55,6,46
45200,0.2,57500,29972.5,13537.663701171876,100000,0.0,15,37230.0,1,415,44,4,1,2,88,2,27
45300,0.2,63500,34247.5,13487.176181640625,100000,0.0,8,37510.0,3,411,50,9,4,5,88,3,22
45400,0.2,9500,30200.0,13493.234951171875,100000,0.0,14,36940.0,0,421,45,6,3,3,89,4,16
45500,0.2,136000,67140.0,13581.950791015624,100000,0.0,9,73650.0,3,411,28,20,5,7,21,7,76
45600,0.2,1500,78417.5,13469.380439453125,100000,0.0,5,84010.0,3,432,31,19,6,6,2,5,88
45700,0.2,5000,78947.5,13351.1360546875,100000,0.0,10,86700.0,2,415,20,22,5,14,3,4,91
45800,0.2,-3000,82492.5,13998.632666015625,100000,0.0,9,90000.0,5,427,18,12,4,11,9,6,91
45900,0.2,161500,80455.0,13835.78544921875,100000,0.0,13,89600.0,1,425,23,16,8,8,7,5,86
46000,0.2,42250,71287.5,13828.75677734375,100000,0.0,6,77000.0,3,426,31,13,5,16,10,5,80
46100,0.2,126500,86247.5,13918.686455078125,100000,0.0,7,92350.0,3,409,34,15,3,11,7,4,96
46200,0.2,65000,69250.0,14799.2778125,100000,0.0,10,75980.0,0,424,32,10,5,12,24,2,74
46300,0.2,38000,59335.0,14487.567685546876,100000,0.0,11,66840.0,0,416,22,11,2,20,33,4,71
46400,0.2,-64000,66902.5,14864.676142578124,100000,0.0,8,72450.0,1,414,16,10,3,26,32,3,79
46500,0.2,106000,62842.5,16111.450107421875,100000,0.0,9,69180.0,0,422,19,10,3,21,33,3,74
46600,0.2,157750,67202.5,16351.32400390625,100000,0.0,13,76550.0,2,418,22,15,2,17,12,3,87
46700,0.2,13000,73507.5,15979.529130859375,100000,0.0,8,79990.0,1,417,23,7,7,18,18,7,82
46800,0.2,177000,59602.5,15954.327822265624,100000,0.0,13,69390.0,2,407,24,6,9,11,24,4,79
46900,0.2,41500,26825.0,16564.211142578126,100000,0.0,19,37840.0,3,413,27,1,2,2,74,7,47
47000,0.2,48500,36107.5,16441.525126953125,100000,0.0,9,40870.0,0,419,21,11,4,8,79,4,45
47100,0.2,19750,31457.5,16892.381640625,100000,0.0,13,38200.0,0,414,22,5,6,6,81,7,43
47200,0.2,34750,42057.5,17065.547294921875,100000,0.0,15,51750.0,2,422,21,6,1,11,49,7,64
47300,0.2,23000,59100.0,17578.54935546875,100000,0.0,14,68630.0,0,435,18,6,5,17,17,6,79
47400,0.2,154000,88967.5,17646.782412109376,100000,0.0,7,95020.0,0,423,28,5,2,22,8,7,84
47500,0.2,6500,82892.5,17314.78341796875,100000,0.0,7,89140.0,1,418,26,9,3,25,5,3,88
47600,0.2,19500,22790.0,17582.742314453124,100000,0.0,17,31920.0,1,423,10,4,1,7,90,3,48
47700,0.2,62750,17382.5,17166.0398828125,100000,0.0,19,27560.0,2,413,19,2,3,9,84,8,43
47800,0.2,-51000,29855.0,17371.01771484375,100000,0.0,10,36790.0,5,411,17,3,3,9,87,3,47
47900,0.2,40500,32390.0,16974.576181640627,100000,0.0,6,36930.0,1,424,30,2,6,11,81,5,35
48000,0.2,72500,27702.5,17128.13046875,100000,0.0,14,35550.0,2,423,23,5,4,12,78,7,33
48100,0.2,12750,20437.5,17261.366953125,100000,0.0,17,29470.0,0,416,19,7,4,13,85,9,29
48200,0.2,11250,25912.5,16674.15998046875,100000,0.0,16,33820.0,2,418,23,5,6,8,88,2,37
48300,0.2,59750,17900.0,16409.7358203125,100000,0.0,21,29250.0,2,419,12,3,6,11,83,3,39
48400,0.2,118500,31680.0,16621.725234375,100000,0.0,8,37560.0,4,425,15,4,3,9,86,7,40
48500,0.2,48500,19572.5,16830.40005859375,100000,0.0,17,28800.0,3,424,19,4,3,11,86,4,37
48600,0.2,119500,53840.0,16585.612412109374,100000,0.0,10,60100.0,2,424,36,2,3,10,47,1,69
48700,0.2,115000,75510.0,16621.860166015624,100000,0.0,14,83600.0,4,402,40,2,3,14,17,7,90
48800,0.2,113500,62955.0,16728.285439453124,100000,0.0,14,72550.0,2,419,23,7,2,15,24,5,79
48900,0.2,147000,67030.0,16958.6869921875,100000,0.0,11,73950.0,0,426,38,3,7,10,19,4,78
49000,0.2,61500,78152.5,17218.173076171875,100000,0.0,8,85090.0,0,421,36,6,4,14,4,7,88
49100,0.2,9750,85685.0,16466.569755859375,100000,0.0,11,93410.0,3,412,32,4,2,23,2,6,91
49200,0.2,178750,76760.0,17151.786845703125,100000,0.0,6,82770.0,1,421,27,4,4,18,3,10,91
49300,0.2,92000,58007.5,17826.71111328125,100000,0.0,11,65810.0,0,422,22,6,3,12,39,4,72
49400,0.2,118250,69692.5,17971.78017578125,100000,0.0,11,77390.0,3,417,35,4,3,7,23,5,81
49500,0.2,41750,48362.5,17847.549248046875,100000,0.0,14,56540.0,0,421,24,6,4,8,47,2,72
49600,0.2,-55750,44342.5,19282.77076171875,100000,0.0,12,51410.0,3,428,21,4,5,12,61,5,53
49700,0.2,26000,32307.5,19206.06896484375,100000,0.0,9,37340.0,0,421,21,5,1,12,80,7,46
49800,0.2,34000,24130.0,19386.0896484375,100000,0.0,13,31180.0,2,430,12,7,4,6,90,5,39
49900,0.2,40250,26410.0,19768.741201171873,100000,0.0,12,33000.0,1,423,19,2,2,5,94,2,47
50000,0.2,22500,29185.0,20897.992841796877,100000,0.0,13,35830.0,1,418,21,3,7,7,85,4,47
